{
  "eps": 0.1,
  "alpha": 0.05,
  "N1dot": 21052,
  "N2dot": 2577304,
  "p1": 0.08873266197985939,
  "p2": 0.0047332406266393096,
  "px_per_km2": 1111.11
}
